[
  {
    "name": "Spears Blood Bank",
    "phone_numbers": ["01372802", "01372803", "01372804", "01372805"],
    "location": "Beirut",
    "latitude": "33.888630",
    "longitude": "35.495480"
  },
  {
    "name": "Gemayze Blood Bank",
    "phone_numbers": ["01444102"],
    "location": "Beirut",
    "latitude": "33.888630",
    "longitude": "35.495480"
  },
  {
    "name": "Jounieh Blood Bank",
    "phone_numbers": ["09931750"],
    "location": "Beirut",
    "latitude": "33.888630",
    "longitude": "35.495480"
  },
  {
    "name": "Antelias Blood Bank",
    "phone_numbers": ["04524164"],
    "location": "Beirut",
    "latitude": "33.888630",
    "longitude": "35.495480"
  },
  {
    "name": "Jbeil Blood Bank",
    "phone_numbers": ["09945220"],
    "location": "Beirut",
    "latitude": "33.888630",
    "longitude": "35.495480"
  },
  {
    "name": "Beit El Dine Blood Bank",
    "phone_numbers": ["03468728"],
    "location": "Beirut",
    "latitude": "33.888630",
    "longitude": "35.495480"
  },
  {
    "name": "Tripoli Blood Bank",
    "phone_numbers": ["06601429"],
    "location": "Beirut",
    "latitude": "33.888630",
    "longitude": "35.495480"
  },
  {
    "name": "Halba Blood Bank",
    "phone_numbers": ["06695370"],
    "location": "Beirut",
    "latitude": "33.888630",
    "longitude": "35.495480"
  },
  {
    "name": "Zahle Blood Bank",
    "phone_numbers": ["08804930"],
    "location": "Beirut",
    "latitude": "33.888630",
    "longitude": "35.495480"
  },
  {
    "name": "Saida Blood Bank",
    "phone_numbers": ["07752141"],
    "location": "Beirut",
    "latitude": "33.888630",
    "longitude": "35.495480"
  },
  {
    "name": "Tyr Blood Bank",
    "phone_numbers": ["07740070"],
    "location": "Beirut",
    "latitude": "33.888630",
    "longitude": "35.495480"
  },
  {
    "name": "Nabatiye Blood Bank",
    "phone_numbers": ["07768687"],
    "location": "Beirut",
    "latitude": "33.888630",
    "longitude": "35.495480"
  }
]
