[
  {
    "name": "Auxilia",
    "location": "Lebanon",
    "latitude": "33.888630",
    "longitude": "35.495480",
    "phone_numbers": ["01282883", "01290407", "09218922"]
  },
  {
    "name": "Green Peace",
    "location": "Lebanon",
    "latitude": "33.888630",
    "longitude": "35.495480",
    "phone_numbers": ["01785665"]
  },
  {
    "name": "Caritas",
    "location": "Lebanon",
    "latitude": "33.888630",
    "longitude": "35.495480",
    "phone_numbers": ["01384737", "01384738", "01384739", "01502552"]
  },
  {
    "name": "Centre Sedim",
    "location": "Furn el Chebbak",
    "latitude": "33.888630",
    "longitude": "35.495480",
    "phone_numbers": ["01293100", "01293101"]
  },
  {
    "name": "Arc en Ciel",
    "location": "Jisr el Wateh",
    "latitude": "33.888630",
    "longitude": "35.495480",
    "phone_numbers": ["01564630", "01564631", "01564632", "01564633"]
  },
  {
    "name": "Yasa",
    "location": "Hazmieh",
    "latitude": "33.888630",
    "longitude": "35.495480",
    "phone_numbers": ["05452587", "05952587"]
  },
  {
    "name": "Air Liquide O2",
    "location": "Dekwaneh",
    "latitude": "33.888630",
    "longitude": "35.495480",
    "phone_numbers": ["01692380", "01692381", "01692382", "01692383", "01692384", "01692385"]
  },
  {
    "name": "CRC لوازم معاقين",
    "location": "Lebanon",
    "latitude": "33.888630",
    "longitude": "35.495480",
    "phone_numbers": ["01510261", "03601793"]
  },
  {
    "name": "Jad للمخدرات",
    "location": "Lebanon",
    "latitude": "33.888630",
    "longitude": "35.495480",
    "phone_numbers": ["09546357", "03749484"]
  },
  {
    "name": "Hindi Laboratory مختبرات هندي",
    "location": "Jal el Dib",
    "latitude": "33.888630",
    "longitude": "35.495480",
    "phone_numbers": ["04713131"]
  },
  {
    "name": "CICR اللجنة الدولية للصليب الأحمر",
    "location": "Hamra",
    "latitude": "33.888630",
    "longitude": "35.495480",
    "phone_numbers": ["01739297", "01739298", "01739299"]
  },
  {
    "name": "LRC Garage كاراج الصليب الأحمر",
    "location": "Sed el Baouchrieh",
    "latitude": "33.888630",
    "longitude": "35.495480",
    "phone_numbers": ["03407522", "03337542"]
  },
  {
    "name": "مركز الرعاية الدائمة",
    "location": "Fiyadieh",
    "latitude": "33.888630",
    "longitude": "35.495480",
    "phone_numbers": ["05456859"]
  },
  {
    "name": "مركز الحريري للتصوير",
    "location": "Unesco",
    "latitude": "33.888630",
    "longitude": "35.495480",
    "phone_numbers": ["01705376"]
  },
  {
    "name": "مركز السياحي الطبي",
    "location": "Ain el Remmaneh",
    "latitude": "33.888630",
    "longitude": "35.495480",
    "phone_numbers": ["01665330"]
  },
  {
    "name": "مركز الشياح الطبي",
    "location": "Chiyah",
    "latitude": "33.888630",
    "longitude": "35.495480",
    "phone_numbers": ["01290837"]
  },
  {
    "name": "إتحاد جمعيات الصليب الأحمر والهلال الأحمر",
    "location": "Fiyadieh",
    "latitude": "33.888630",
    "longitude": "35.495480",
    "phone_numbers": ["01424851"]
  },
  {
    "name": "صليب إعانة الأرمن",
    "location": "Burj Hammoud",
    "latitude": "33.888630",
    "longitude": "35.495480",
    "phone_numbers": ["01253793", "01253794", "01253795", "01253796"]
  },
  {
    "name": "الهيئة الصحية الإسلامية",
    "location": "Lebanon",
    "latitude": "33.888630",
    "longitude": "35.495480",
    "phone_numbers": ["01552637"]
  },
  {
    "name": "هيئة الإسعاف الشعبي",
    "location": "Lebanon",
    "latitude": "33.888630",
    "longitude": "35.495480",
    "phone_numbers": ["01735417"]
  }
]
